,
최기환
김
의
이재황
김병욱
최윤영
배종옥
김민정
윤영삼
찬
송재정
이홍렬
권오중
노주현
박정수
신구
예
윤용현
양세형
백종원
안효섭
김수로
유재석
이효리
윤종신
변우민
대성
석
빈
최
김영철
곽동연
김구라
배명진
박예진
이천희
성동일
박영록
조상구
변소정
안승훈
차광수
안재모
성우진
정일모
장세진
김윤형
김선재
무
윤나
소
한석규
임원희
박효주
김홍
파
김민재
김주
신동욱
진경
헌
최진호
고상호
이성경
주연
여진구
최원영
이
이수경
홍
윤정희
왕빛나
조연우
이영희
신윤섭
임성한
이태곤
이덕화
현석
차주옥
한혜숙
임채무
박해미
강지섭
반효정
이보희
정혜선
이숙
김영란
박진주
김희철
김동준
박다
박
김진우
이시언
이범수
정
혜원
윤상
박진희
정보석
주상욱
황정음
김종국
노영학
송경철
유호린
한경선
홍여진
박상민
김규철
김서형
김정현
김학철
임혁
이효정
신승환
손병호
이문식
정규수
이기영
김수현
김성오
박용수
최하나
문희경
유형관
아
김의진
황택하
임종윤
이경영
경연
박하영
이승형
남지현
윤유선
김광규
송원
이준혁
고
이지아
김현
조수민
김현수
봉태규
유진
조
윤종훈
김소연
엄기준
윤주희
이철민
신은경
진지희
권
하다
나소
김로
사
유병재
김영대
한지현
태빈
안재현
이연희
정채
연
신수호
성
김가은
윤선우
김혜준
현
김동규
전
미경
박도
허준석
박원상
최우식
서정연
조복
래
김성철
차
안수빈
욱
차승엽
연우
이승우
구
안동
다미
노정
키
우경준
장현성
최광
일
주
케이
이동현
마루
최태훈
천
준혁
김유정
박해진
장현수
남경
이계훈
한상진
문숙
윤민
은휘
최승훈
채국희
오성준
민
박진영
양
공명
조성하
린
정영기
곽시양
조원희
우
하남
박정학
리민
고규필
홍경
윤사
이상운
봉
홍진기
근
장태유
목
정동
싸이
김세정
규현
최병찬
설인
정영주
김민규
배
우희
임기
서
김현숙
보라
채연
하하
이윤아
음문
탁재훈
안
정지
박시연
김순옥
차승원
장항준
한보배
이형철
추상미
김선아
장성규
이정은
장도연
추
제이
김영환
환
공기
인호
모튼
이창준
곤
로
라베
윌
패스
레이스
요한
김창완
종
김호
조승준
박성민
세원
박요셉
장호
박한결
남궁민
박혁규
송병석
이강우
황성현
홍범석
홍국
부연
김상중
박성웅
정인기
차화연
김은숙
최일화
이건희
김영웅
김지훈
송영규
정혜
정수영
윤세아
박민영
전광렬
김형범
박현숙
이원종
엄효섭
한진희
유승호
나은
다니엘
김동현
두현
이예담
제갈
윤
동연
강현우
문
박용건
임
박재범
수재
경
박상욱
김민성
남윤승
김정민
하루
토
도민
규
이태우
묵
문혁준
나윤서
강
기
엘러리현배
연성
저스틴
김대희
송시
백진희
유나
조정식
장혁
